restaurant_id,name,cuisine,city,rating,avg_cost_for_two,avg_delivery_time_mins,has_photos,is_promoted,delivery_fee,total_reviews
1,Green Express #1,Desserts,Delhi NCR,3.5,600,36,False,False,15,4538
2,Golden Den #2,Continental,Delhi NCR,2.6,800,23,True,False,0,3660
3,Red Palace #3,Biryani,Pune,3.8,500,33,True,False,0,4227
4,Classic Kitchen #4,Biryani,Mumbai,3.5,400,25,True,False,25,4899
5,Spice Cafe #5,Biryani,Delhi NCR,4.3,300,28,True,True,25,2789
6,Spice Cafe #6,Desserts,Hyderabad,3.9,400,17,True,False,35,4855
7,Royal Grill #7,Chinese,Hyderabad,4.5,500,15,True,False,15,3625
8,Silver Corner #8,Desserts,Mumbai,2.6,400,56,False,False,49,2006
9,Royal Hub #9,Street Food,Mumbai,4.2,600,37,False,False,25,1306
10,Hungry Den #10,Biryani,Chennai,4.7,300,46,False,False,25,3255
11,Taste Express #11,North Indian,Jaipur,3.6,500,32,True,False,35,2295
12,Blue Palace #12,Desserts,Lucknow,3.6,500,33,False,False,15,119
13,Urban Junction #13,North Indian,Lucknow,3.6,300,24,False,False,15,421
14,Blue Box #14,Thai,Delhi NCR,3.5,1500,41,True,False,15,80
15,Yummy Express #15,North Indian,Delhi NCR,4.5,800,42,False,False,35,3737
16,Fresh Corner #16,Street Food,Mumbai,3.3,400,40,False,False,0,727
17,Silver Point #17,Chinese,Delhi NCR,4.2,600,35,False,False,25,2480
18,Royal House #18,Street Food,Delhi NCR,2.9,600,37,False,False,35,2298
19,Hungry Kitchen #19,Fast Food,Hyderabad,3.1,600,30,False,True,25,3684
20,Urban Dhaba #20,Biryani,Delhi NCR,3.9,400,45,False,False,25,728
21,Yummy Corner #21,North Indian,Delhi NCR,3.2,1000,21,True,False,0,136
22,Silver Palace #22,Thai,Hyderabad,3.2,600,27,False,True,35,435
23,Urban Point #23,North Indian,Delhi NCR,4.6,500,32,False,False,35,2335
24,Classic Grill #24,Continental,Delhi NCR,4.1,200,22,True,False,35,2551
25,Hungry Express #25,Biryani,Hyderabad,3.9,300,19,True,True,35,2445
26,Spice Box #26,Chinese,Mumbai,4.2,500,32,True,True,25,2828
27,Royal Den #27,Biryani,Pune,3.0,1000,30,False,False,25,545
28,Golden Box #28,Street Food,Jaipur,3.3,500,33,True,True,35,3543
29,Hungry Express #29,Street Food,Bangalore,4.0,400,35,True,False,49,2344
30,Classic Corner #30,North Indian,Hyderabad,2.9,200,41,True,False,35,2502
31,Yummy Corner #31,Rolls,Bangalore,3.0,500,35,False,False,35,1154
32,Desi Cafe #32,Biryani,Jaipur,3.6,400,52,False,False,25,1731
33,Green Point #33,Italian,Mumbai,3.9,500,36,True,False,25,3500
34,Green Grill #34,Biryani,Kolkata,3.7,600,50,True,False,15,3880
35,Classic Dhaba #35,South Indian,Chennai,3.3,800,45,False,False,25,1789
36,Desi Express #36,South Indian,Pune,3.3,800,46,True,True,0,3157
37,Spice Hub #37,North Indian,Jaipur,3.7,600,19,True,False,25,915
38,Desi Kitchen #38,Pizza,Bangalore,4.3,1000,36,False,False,0,2141
39,Royal Hub #39,Chinese,Delhi NCR,4.7,600,38,True,False,25,2933
40,Hungry Spot #40,Street Food,Pune,3.9,800,32,True,True,15,1857
41,Green Box #41,Chinese,Kolkata,2.7,600,36,False,False,49,316
42,Hungry Bites #42,North Indian,Chennai,4.3,800,24,True,True,25,3526
43,Golden Point #43,North Indian,Kolkata,4.2,300,49,True,False,49,3740
44,Royal Palace #44,Pizza,Pune,3.5,600,35,True,False,25,4442
45,Urban Bites #45,North Indian,Jaipur,3.7,300,39,False,False,49,526
46,Red Cafe #46,North Indian,Hyderabad,4.7,200,27,True,False,15,110
47,Foodie Grill #47,North Indian,Bangalore,4.8,500,50,True,False,25,2157
48,Desi Spot #48,Chinese,Chennai,3.3,400,43,True,False,35,2230
49,Royal Bites #49,Continental,Mumbai,5.0,500,45,True,True,15,2839
50,Taste Kitchen #50,Mughlai,Bangalore,4.1,600,55,False,False,35,1918
51,Golden Dhaba #51,North Indian,Pune,5.0,300,32,False,False,15,37
52,Red House #52,North Indian,Mumbai,3.0,600,40,False,False,25,4862
53,Urban Express #53,Desserts,Bangalore,3.5,1500,40,True,False,0,3346
54,Royal Express #54,Chinese,Delhi NCR,2.5,600,29,True,False,0,2372
55,Hungry Express #55,Pizza,Delhi NCR,3.7,300,38,False,False,15,4143
56,Fresh Junction #56,South Indian,Chennai,4.3,600,27,True,False,49,3686
57,Golden Express #57,Fast Food,Bangalore,4.9,200,34,True,False,35,3234
58,Classic Hub #58,North Indian,Pune,3.4,500,18,True,False,49,2385
59,Classic Hub #59,Pizza,Mumbai,4.0,500,27,False,True,49,57
60,Golden House #60,South Indian,Bangalore,3.6,1200,16,False,False,25,3723
61,Desi Bites #61,Chinese,Mumbai,4.2,600,50,True,True,25,15
62,Blue Spot #62,Fast Food,Delhi NCR,3.7,600,41,False,False,49,779
63,Silver Kitchen #63,Chinese,Pune,3.6,500,30,False,True,25,1372
64,Desi Bites #64,North Indian,Mumbai,2.8,500,27,True,False,49,3350
65,Classic Box #65,North Indian,Mumbai,4.0,1500,46,True,False,25,826
66,Desi Corner #66,Thai,Bangalore,4.7,200,52,True,False,25,3838
67,Red Box #67,Chinese,Pune,3.0,400,42,False,False,15,17
68,Yummy Junction #68,Chinese,Hyderabad,4.4,300,48,True,True,0,4882
69,Fresh Hub #69,Mughlai,Pune,3.9,400,34,True,False,25,4768
70,Urban Dhaba #70,Pizza,Mumbai,2.6,500,15,False,False,15,2542
71,Blue Cafe #71,Street Food,Hyderabad,3.6,400,33,True,False,15,2769
72,Yummy Spot #72,Biryani,Bangalore,3.6,1200,36,True,False,15,338
73,Golden Cafe #73,Healthy Food,Ahmedabad,4.1,600,45,False,False,25,4505
74,Green Den #74,South Indian,Pune,4.1,600,31,True,False,25,4885
75,Golden Dhaba #75,Street Food,Bangalore,3.9,600,23,True,False,49,1922
76,Spice Den #76,North Indian,Hyderabad,4.2,1000,17,True,True,49,2395
77,Silver Cafe #77,North Indian,Bangalore,3.3,600,41,False,True,49,3990
78,Green Palace #78,South Indian,Bangalore,3.7,200,32,True,False,25,2476
79,Blue Cafe #79,Street Food,Hyderabad,3.7,400,23,True,False,25,3047
80,Red Point #80,Pizza,Delhi NCR,4.5,1500,41,True,False,49,1204
81,Silver Box #81,Street Food,Delhi NCR,2.7,600,42,True,False,15,110
82,Spice Grill #82,Italian,Delhi NCR,4.2,200,32,True,True,0,2471
83,Blue Cafe #83,Fast Food,Pune,4.7,500,45,True,False,0,332
84,Blue Palace #84,Street Food,Jaipur,3.9,1500,41,True,False,49,4134
85,Desi Bites #85,Biryani,Bangalore,5.0,1500,33,True,True,25,3659
86,Silver Cafe #86,Fast Food,Mumbai,3.5,400,32,False,True,25,4856
87,Royal Dhaba #87,South Indian,Mumbai,3.7,1000,31,False,True,49,3086
88,Green Junction #88,Biryani,Bangalore,3.5,500,34,True,False,25,616
89,Taste Cafe #89,North Indian,Bangalore,3.7,500,49,True,False,49,526
90,Foodie House #90,Biryani,Mumbai,4.2,400,46,True,False,15,1118
91,Taste Grill #91,Healthy Food,Pune,3.6,1000,40,False,True,35,4345
92,Green Express #92,South Indian,Bangalore,3.3,500,53,False,False,35,848
93,Fresh Den #93,North Indian,Mumbai,2.8,400,46,False,False,15,1131
94,Yummy Palace #94,Rolls,Mumbai,3.7,500,33,True,True,0,3975
95,Red Spot #95,Pizza,Bangalore,3.8,400,40,True,False,0,3351
96,Desi Spot #96,Chinese,Mumbai,3.6,500,48,True,False,35,1346
97,Hungry Box #97,South Indian,Hyderabad,5.0,400,35,True,False,0,1269
98,Green Den #98,Chinese,Bangalore,4.2,600,32,True,False,35,3290
99,Fresh Box #99,Fast Food,Ahmedabad,3.5,200,53,True,False,35,1871
100,Urban Junction #100,Healthy Food,Bangalore,4.2,1000,40,False,False,15,654
101,Hungry Point #101,South Indian,Hyderabad,4.3,400,45,False,True,35,2238
102,Silver Cafe #102,Street Food,Kolkata,3.8,800,27,True,False,15,606
103,Yummy Spot #103,Mughlai,Delhi NCR,3.6,600,44,False,False,59,2820
104,Fresh Junction #104,Italian,Bangalore,3.2,500,33,False,True,15,4546
105,Red Dhaba #105,North Indian,Mumbai,4.6,300,34,True,False,25,477
106,Royal Express #106,Healthy Food,Bangalore,3.7,500,25,False,False,59,974
107,Taste Cafe #107,Street Food,Delhi NCR,3.7,1200,32,True,False,49,1647
108,Taste Box #108,North Indian,Bangalore,4.5,300,20,True,True,35,2796
109,Red Spot #109,Biryani,Mumbai,3.8,400,46,False,False,25,2823
110,Green Point #110,Healthy Food,Bangalore,5.0,1500,29,False,False,35,236
111,Foodie Point #111,South Indian,Kolkata,3.5,1000,38,False,False,25,2818
112,Urban Den #112,South Indian,Jaipur,3.6,500,23,True,True,0,1314
113,Yummy Spot #113,South Indian,Delhi NCR,3.4,600,39,True,False,35,523
114,Golden Hub #114,Beverages,Delhi NCR,3.3,400,15,True,True,49,221
115,Desi House #115,South Indian,Mumbai,4.0,400,25,True,False,25,779
116,Urban Den #116,Chinese,Mumbai,4.2,400,48,True,False,35,3321
117,Blue Dhaba #117,North Indian,Delhi NCR,3.6,400,28,True,False,0,440
118,Blue Express #118,Rolls,Chennai,3.8,600,32,True,False,15,3268
119,Golden Kitchen #119,South Indian,Delhi NCR,3.9,400,15,False,False,25,269
120,Red Hub #120,Street Food,Mumbai,4.6,300,48,True,False,15,1764
121,Taste Den #121,North Indian,Pune,3.4,600,32,True,False,59,2407
122,Urban Hub #122,Desserts,Bangalore,3.9,200,48,True,False,49,4812
123,Desi House #123,Desserts,Bangalore,4.1,600,28,False,False,35,55
124,Classic Point #124,North Indian,Delhi NCR,4.0,400,20,True,False,59,886
125,Classic Kitchen #125,North Indian,Hyderabad,3.8,300,49,True,False,15,2927
126,Silver Corner #126,Chinese,Ahmedabad,4.4,400,38,True,True,49,1965
127,Taste Grill #127,Chinese,Hyderabad,3.4,300,36,True,False,15,1610
128,Hungry Junction #128,Desserts,Hyderabad,3.7,400,28,True,False,25,2284
129,Silver Den #129,North Indian,Delhi NCR,3.4,300,46,True,False,25,1749
130,Golden Box #130,Biryani,Mumbai,3.4,500,16,True,False,25,3200
131,Blue Dhaba #131,South Indian,Bangalore,3.9,300,43,False,False,35,343
132,Hungry Hub #132,Italian,Ahmedabad,4.4,300,23,True,False,15,1540
133,Foodie Palace #133,North Indian,Chennai,3.3,500,39,True,False,25,565
134,Taste Spot #134,Chinese,Bangalore,4.4,500,54,True,False,15,2058
135,Silver Grill #135,South Indian,Hyderabad,3.6,200,34,True,True,35,740
136,Yummy Junction #136,Fast Food,Hyderabad,3.2,400,34,False,True,25,4833
137,Taste Box #137,South Indian,Ahmedabad,3.4,200,29,True,True,15,4043
138,Royal Bites #138,Pizza,Delhi NCR,4.4,600,33,True,False,15,1173
139,Golden Hub #139,Pizza,Ahmedabad,3.2,600,30,True,False,15,1309
140,Hungry Junction #140,Pizza,Chennai,5.0,200,35,True,False,35,4472
141,Classic Spot #141,Rolls,Mumbai,3.9,1200,32,False,False,25,4729
142,Urban Junction #142,Mughlai,Delhi NCR,2.8,1200,33,False,False,49,2030
143,Silver Express #143,Chinese,Bangalore,3.2,400,29,True,False,25,3696
144,Blue Dhaba #144,Chinese,Mumbai,4.3,300,33,False,True,15,1950
145,Taste Cafe #145,Fast Food,Hyderabad,2.9,300,34,True,True,59,4406
146,Red Hub #146,Italian,Delhi NCR,4.2,800,51,True,False,49,3081
147,Classic Corner #147,Thai,Bangalore,3.1,500,50,True,False,15,3509
148,Foodie House #148,Chinese,Bangalore,4.0,200,38,True,False,49,1220
149,Red Cafe #149,Desserts,Bangalore,4.6,1000,30,True,True,35,4263
150,Classic House #150,Biryani,Kolkata,4.0,500,38,True,False,25,1364
151,Red Den #151,Thai,Pune,4.3,600,26,False,False,25,3338
152,Silver Point #152,Desserts,Kolkata,4.2,800,29,True,False,25,2140
153,Golden Point #153,Chinese,Hyderabad,3.1,800,35,True,False,35,4119
154,Taste Bites #154,South Indian,Hyderabad,3.1,200,28,False,False,15,3277
155,Green Spot #155,Pizza,Bangalore,2.7,500,28,False,False,0,1245
156,Silver Spot #156,Mughlai,Chennai,4.0,600,30,True,False,25,4213
157,Green Hub #157,Pizza,Delhi NCR,3.7,200,57,True,True,15,4736
158,Taste Junction #158,Street Food,Bangalore,3.2,300,36,True,False,25,2788
159,Red Palace #159,Chinese,Chennai,4.0,400,17,True,True,59,4270
160,Yummy Hub #160,Fast Food,Pune,4.8,1000,36,True,False,35,2918
161,Urban Hub #161,Mughlai,Delhi NCR,4.2,800,39,True,False,59,4452
162,Red House #162,North Indian,Delhi NCR,4.6,800,34,True,False,35,1058
163,Hungry Cafe #163,Fast Food,Delhi NCR,3.6,1500,41,False,False,0,1969
164,Royal Grill #164,Chinese,Ahmedabad,3.9,300,29,True,False,49,1588
165,Royal Spot #165,Street Food,Mumbai,4.0,500,33,True,False,15,3708
166,Yummy Kitchen #166,Biryani,Jaipur,4.3,400,34,True,False,49,359
167,Urban Box #167,Biryani,Lucknow,2.9,600,28,True,False,35,1488
168,Red Palace #168,Chinese,Pune,4.7,800,25,True,False,49,1830
169,Blue Bites #169,South Indian,Pune,3.9,500,35,True,False,15,1251
170,Royal Kitchen #170,Desserts,Jaipur,4.6,500,37,True,False,49,3940
171,Spice Express #171,Beverages,Delhi NCR,4.4,500,15,False,False,35,885
172,Spice Box #172,South Indian,Mumbai,2.5,600,29,False,False,0,3730
173,Urban Express #173,North Indian,Kolkata,4.0,300,32,True,False,49,1551
174,Red Point #174,Desserts,Mumbai,4.1,1200,36,True,False,49,3715
175,Classic Bites #175,Chinese,Mumbai,3.7,200,43,True,False,25,3711
176,Yummy Dhaba #176,South Indian,Delhi NCR,3.8,200,31,True,False,25,3548
177,Silver Junction #177,Fast Food,Bangalore,3.3,400,40,True,False,25,829
178,Desi Grill #178,Street Food,Bangalore,3.7,600,21,True,False,35,3919
179,Classic Den #179,South Indian,Mumbai,3.6,1200,48,True,False,49,4026
180,Royal Hub #180,Beverages,Bangalore,3.5,1000,34,False,False,25,218
181,Taste Grill #181,Chinese,Hyderabad,3.6,600,19,False,False,0,1894
182,Royal Kitchen #182,Chinese,Jaipur,2.4,400,40,False,False,15,4512
183,Red Dhaba #183,Italian,Delhi NCR,3.5,500,32,True,False,35,2138
184,Royal Point #184,Desserts,Delhi NCR,3.3,1200,53,True,False,35,3998
185,Hungry Junction #185,Pizza,Bangalore,3.3,400,50,False,False,25,116
186,Golden Bites #186,Chinese,Lucknow,3.0,500,43,False,False,15,2705
187,Urban Grill #187,North Indian,Delhi NCR,3.7,600,15,True,False,15,2495
188,Fresh Bites #188,Chinese,Mumbai,3.3,200,32,False,False,25,3095
189,Green Spot #189,North Indian,Delhi NCR,3.3,400,47,False,False,25,4796
190,Golden Hub #190,Biryani,Hyderabad,3.9,500,43,True,False,15,4039
191,Classic Den #191,Desserts,Bangalore,4.8,1000,25,True,False,49,1435
192,Urban Spot #192,Italian,Pune,3.9,1500,33,True,False,25,4615
193,Foodie Den #193,Thai,Hyderabad,4.4,500,40,False,False,25,1127
194,Foodie Cafe #194,Street Food,Hyderabad,3.7,1200,19,True,False,25,2139
195,Royal Palace #195,Italian,Delhi NCR,5.0,200,19,True,False,35,4066
196,Spice Grill #196,North Indian,Hyderabad,3.1,600,59,False,False,15,250
197,Taste Corner #197,Fast Food,Hyderabad,2.6,400,31,False,False,59,174
198,Hungry Palace #198,Fast Food,Mumbai,4.3,600,15,True,False,0,1506
199,Fresh Box #199,Fast Food,Pune,4.2,800,28,True,False,35,3111
200,Taste Dhaba #200,Street Food,Bangalore,2.7,200,38,True,False,35,2516
201,Green Spot #201,Chinese,Pune,3.7,1000,42,False,False,0,313
202,Urban House #202,North Indian,Mumbai,4.9,200,28,False,False,59,4784
203,Blue Junction #203,Healthy Food,Chennai,4.3,600,23,False,False,0,4900
204,Royal Hub #204,Healthy Food,Mumbai,2.9,200,43,True,False,25,921
205,Classic Hub #205,Mughlai,Mumbai,2.6,800,25,True,False,25,2982
206,Blue Point #206,Thai,Ahmedabad,4.8,300,32,False,False,49,4029
207,Silver Corner #207,South Indian,Bangalore,3.3,400,41,False,False,0,2771
208,Fresh House #208,Chinese,Bangalore,4.4,1000,30,True,False,25,615
209,Yummy Kitchen #209,Pizza,Ahmedabad,4.2,800,55,False,True,15,1048
210,Fresh Palace #210,Continental,Bangalore,3.8,800,26,True,False,25,416
211,Royal Kitchen #211,North Indian,Chennai,3.4,600,31,True,False,35,1081
212,Taste Express #212,Italian,Delhi NCR,4.7,500,31,True,False,0,4219
213,Fresh Dhaba #213,North Indian,Mumbai,2.5,1200,28,False,False,0,4631
214,Classic Palace #214,Desserts,Delhi NCR,4.5,800,45,False,False,0,4927
215,Classic Corner #215,Desserts,Pune,3.6,400,31,True,False,49,4453
216,Classic Bites #216,Desserts,Bangalore,3.3,600,60,True,False,59,1462
217,Blue Corner #217,Italian,Mumbai,3.7,1500,36,True,False,25,2463
218,Golden Express #218,Italian,Hyderabad,4.5,800,37,True,True,49,2997
219,Green Bites #219,Chinese,Delhi NCR,3.1,200,19,True,False,25,2799
220,Red Junction #220,Chinese,Jaipur,4.0,600,29,False,False,25,3679
221,Red House #221,Rolls,Hyderabad,4.2,1000,41,False,True,25,210
222,Hungry House #222,North Indian,Lucknow,3.7,400,40,True,False,35,792
223,Golden Palace #223,Chinese,Mumbai,3.1,1200,24,True,False,15,2770
224,Fresh Bites #224,Desserts,Mumbai,3.3,400,30,False,False,15,4931
225,Spice Grill #225,Italian,Bangalore,4.9,400,15,True,False,49,3723
226,Hungry Palace #226,Continental,Kolkata,4.4,300,27,False,False,49,948
227,Hungry Spot #227,Chinese,Bangalore,4.2,200,52,False,False,0,3126
228,Taste Point #228,Pizza,Kolkata,5.0,500,37,True,False,35,3627
229,Silver Cafe #229,Healthy Food,Mumbai,3.3,500,46,False,False,0,2430
230,Desi Dhaba #230,North Indian,Chennai,3.8,400,18,True,False,15,773
231,Foodie Bites #231,Italian,Chennai,3.8,500,35,True,False,0,2904
232,Yummy Point #232,Chinese,Hyderabad,4.5,400,33,True,False,25,1264
233,Golden Bites #233,Fast Food,Bangalore,2.8,800,28,False,False,15,4629
234,Silver Box #234,Fast Food,Hyderabad,3.8,1200,32,True,False,0,1808
235,Royal Palace #235,Mughlai,Hyderabad,3.8,500,29,False,False,0,4976
236,Spice Corner #236,South Indian,Delhi NCR,4.3,800,23,False,False,25,1279
237,Urban Spot #237,South Indian,Mumbai,3.5,800,36,False,False,15,4203
238,Foodie Kitchen #238,North Indian,Bangalore,4.5,600,43,True,False,0,2850
239,Hungry Express #239,Street Food,Bangalore,4.0,300,27,True,False,49,722
240,Green House #240,Mughlai,Bangalore,3.3,300,27,False,False,25,683
241,Urban Corner #241,Chinese,Bangalore,4.1,1000,43,False,False,35,4614
242,Spice Bites #242,North Indian,Delhi NCR,3.7,400,35,False,False,25,951
243,Blue Express #243,South Indian,Delhi NCR,4.1,300,31,True,False,0,952
244,Spice House #244,North Indian,Delhi NCR,3.1,300,35,True,False,25,4481
245,Silver Hub #245,Biryani,Hyderabad,3.6,500,55,False,True,49,3753
246,Taste Point #246,Chinese,Kolkata,4.4,600,46,False,False,0,1926
247,Royal Bites #247,Pizza,Kolkata,4.6,600,52,True,True,49,3846
248,Green Express #248,South Indian,Lucknow,4.1,400,42,True,False,35,2438
249,Desi Bites #249,Continental,Mumbai,3.7,200,27,True,False,59,3384
250,Spice Palace #250,Chinese,Delhi NCR,3.5,400,30,False,False,49,1199
251,Blue House #251,Pizza,Pune,3.4,500,27,False,False,49,4866
252,Yummy Express #252,Continental,Hyderabad,3.4,500,41,True,True,0,2963
253,Classic Bites #253,Rolls,Mumbai,3.3,400,31,False,False,15,2323
254,Classic House #254,Healthy Food,Hyderabad,3.7,300,26,False,False,25,3634
255,Blue Junction #255,North Indian,Bangalore,3.4,800,33,True,False,35,1262
256,Green Kitchen #256,North Indian,Jaipur,4.1,800,21,True,False,35,1919
257,Urban Bites #257,Street Food,Kolkata,4.0,400,45,True,False,15,2256
258,Fresh Spot #258,Pizza,Mumbai,4.5,500,25,False,False,35,2684
259,Red Point #259,South Indian,Mumbai,4.1,400,44,False,False,15,3334
260,Golden Dhaba #260,Continental,Bangalore,4.3,300,39,True,False,25,2612
261,Red Junction #261,Biryani,Mumbai,3.3,1200,40,True,False,25,164
262,Desi Hub #262,North Indian,Mumbai,4.1,200,23,True,True,49,2857
263,Blue Bites #263,South Indian,Jaipur,3.9,300,35,False,True,35,2684
264,Golden Express #264,North Indian,Pune,2.6,400,29,False,False,59,3875
265,Hungry Express #265,North Indian,Chennai,3.8,800,17,True,False,59,4063
266,Foodie Express #266,Street Food,Kolkata,3.2,800,49,False,False,25,3651
267,Red Den #267,South Indian,Delhi NCR,2.9,500,34,False,False,0,2389
268,Green House #268,Biryani,Chennai,3.6,600,30,True,True,0,4513
269,Green Express #269,Street Food,Hyderabad,3.4,400,48,True,False,49,1537
270,Taste Spot #270,Pizza,Kolkata,3.3,1200,44,True,False,25,635
271,Blue House #271,Biryani,Delhi NCR,2.9,200,60,True,False,25,695
272,Silver Spot #272,Biryani,Pune,4.9,300,25,True,False,15,1475
273,Hungry Bites #273,Mughlai,Kolkata,3.1,1000,29,True,False,15,2473
274,Blue Den #274,Chinese,Hyderabad,3.6,1200,54,True,False,0,3481
275,Golden Hub #275,South Indian,Bangalore,4.2,500,26,True,False,15,4246
276,Blue Bites #276,Pizza,Jaipur,4.4,500,27,True,False,35,879
277,Yummy Bites #277,North Indian,Mumbai,3.1,1000,34,True,False,25,3087
278,Foodie Junction #278,South Indian,Mumbai,3.7,800,51,False,False,59,3823
279,Spice Grill #279,Italian,Mumbai,4.1,800,29,True,False,35,1941
280,Fresh Cafe #280,Chinese,Chennai,4.0,400,57,True,True,49,914
281,Taste Box #281,Street Food,Pune,4.0,800,34,True,False,0,1860
282,Classic Corner #282,North Indian,Chennai,3.1,200,48,True,False,25,2032
283,Yummy Box #283,Fast Food,Bangalore,3.3,500,31,True,False,0,1252
284,Foodie Hub #284,Healthy Food,Jaipur,3.7,300,25,True,False,49,2636
285,Golden Grill #285,Street Food,Bangalore,3.6,200,40,True,False,0,2721
286,Royal Corner #286,Biryani,Lucknow,3.9,500,20,True,False,49,1304
287,Desi Grill #287,South Indian,Ahmedabad,3.2,200,18,False,False,59,2795
288,Green Bites #288,Italian,Bangalore,4.4,300,42,True,False,25,4168
289,Urban Express #289,South Indian,Mumbai,3.1,200,29,True,True,25,873
290,Silver Corner #290,Fast Food,Mumbai,3.9,1200,21,True,True,35,1566
291,Golden Spot #291,Biryani,Hyderabad,3.3,200,29,False,False,35,2570
292,Royal Junction #292,Biryani,Pune,3.6,400,40,True,False,35,2312
293,Yummy Spot #293,Pizza,Mumbai,2.9,600,25,False,False,0,746
294,Yummy Box #294,North Indian,Delhi NCR,3.7,800,15,True,False,35,788
295,Golden Hub #295,Italian,Hyderabad,4.2,500,33,False,False,0,3532
296,Classic House #296,Biryani,Bangalore,4.6,1200,38,True,False,25,4725
297,Blue Express #297,Biryani,Hyderabad,3.7,400,43,True,False,15,4193
298,Silver Kitchen #298,North Indian,Chennai,3.1,500,45,False,False,59,1424
299,Desi Corner #299,South Indian,Bangalore,4.3,800,33,True,False,25,4794
300,Fresh Junction #300,Pizza,Pune,4.0,600,54,True,True,25,4746
301,Classic Den #301,Fast Food,Chennai,3.7,300,33,True,False,0,4378
302,Spice Hub #302,Italian,Chennai,3.5,500,32,False,False,49,4742
303,Golden House #303,Mughlai,Mumbai,3.7,1200,32,True,False,15,531
304,Golden Spot #304,North Indian,Bangalore,3.8,800,36,True,False,25,2857
305,Spice Grill #305,Mughlai,Hyderabad,4.3,300,40,True,False,59,4121
306,Hungry Grill #306,North Indian,Delhi NCR,3.3,300,48,False,True,0,2425
307,Foodie Corner #307,Biryani,Pune,3.4,800,29,False,False,35,4899
308,Fresh Kitchen #308,Fast Food,Mumbai,3.7,300,26,True,False,15,4465
309,Fresh Den #309,Biryani,Mumbai,3.0,500,36,True,False,25,240
310,Foodie Cafe #310,North Indian,Bangalore,4.2,300,30,True,False,25,4717
311,Blue Corner #311,Fast Food,Mumbai,4.2,200,23,False,True,59,3474
312,Red Corner #312,North Indian,Mumbai,4.0,800,47,True,True,0,2574
313,Blue Point #313,South Indian,Bangalore,5.0,600,46,True,False,25,528
314,Taste Spot #314,South Indian,Hyderabad,4.2,500,20,True,False,49,493
315,Classic Spot #315,Biryani,Bangalore,4.6,300,33,True,False,49,2122
316,Urban Palace #316,Italian,Mumbai,3.8,800,40,True,False,15,2276
317,Red Palace #317,North Indian,Delhi NCR,3.5,400,54,True,False,15,3861
318,Classic Hub #318,Chinese,Bangalore,2.9,600,34,True,False,25,4281
319,Desi Grill #319,North Indian,Pune,4.0,400,43,False,False,35,3874
320,Golden Den #320,Street Food,Pune,4.1,400,31,True,False,15,1043
321,Spice House #321,Fast Food,Bangalore,4.4,500,39,True,False,35,775
322,Golden Express #322,Italian,Hyderabad,3.5,600,44,True,True,25,3370
323,Desi Cafe #323,Mughlai,Ahmedabad,4.2,800,38,True,False,0,997
324,Royal Junction #324,Fast Food,Mumbai,3.0,400,35,True,False,35,25
325,Red Palace #325,Pizza,Mumbai,3.9,300,44,False,False,35,1580
326,Spice Kitchen #326,Biryani,Bangalore,4.1,300,48,True,False,35,4437
327,Silver Express #327,Italian,Hyderabad,4.2,400,36,True,False,35,88
328,Classic Point #328,Fast Food,Mumbai,4.3,800,45,False,False,15,3098
329,Desi Cafe #329,South Indian,Bangalore,4.1,400,29,True,False,35,1828
330,Fresh Box #330,Street Food,Mumbai,3.9,200,31,False,False,49,1054
331,Red Hub #331,Rolls,Hyderabad,4.5,500,50,False,True,25,1621
332,Desi Express #332,South Indian,Delhi NCR,3.8,200,15,False,False,25,441
333,Fresh Dhaba #333,Chinese,Ahmedabad,3.8,1000,32,True,False,35,2613
334,Foodie Grill #334,Italian,Mumbai,4.7,600,37,False,True,0,2085
335,Blue Dhaba #335,Fast Food,Pune,2.1,400,23,True,False,15,622
336,Hungry Point #336,Street Food,Bangalore,4.1,500,45,False,False,49,4360
337,Foodie Point #337,North Indian,Kolkata,4.2,600,34,True,False,25,281
338,Fresh Grill #338,Chinese,Kolkata,3.5,1000,42,False,True,49,3717
339,Urban Hub #339,Fast Food,Delhi NCR,3.8,800,50,True,False,15,4667
340,Urban Corner #340,Biryani,Mumbai,3.8,200,47,True,False,25,4441
341,Foodie Hub #341,Fast Food,Chennai,3.7,200,31,False,False,49,767
342,Spice House #342,Fast Food,Delhi NCR,3.8,500,23,True,False,15,4313
343,Taste House #343,Street Food,Jaipur,4.0,500,30,True,False,49,4140
344,Spice Grill #344,South Indian,Mumbai,3.4,400,36,True,False,15,123
345,Desi House #345,Chinese,Delhi NCR,3.8,1200,17,True,True,59,1972
346,Hungry Grill #346,Fast Food,Mumbai,3.0,600,50,True,False,49,3075
347,Golden Grill #347,Street Food,Delhi NCR,3.4,600,36,True,False,25,3958
348,Hungry Box #348,North Indian,Hyderabad,3.1,300,32,True,False,35,843
349,Blue Express #349,North Indian,Chennai,3.9,400,15,True,False,25,938
350,Green Palace #350,Desserts,Chennai,3.2,500,35,True,True,49,2092
351,Urban Point #351,Chinese,Kolkata,3.0,800,35,False,True,25,2925
352,Desi Junction #352,Thai,Mumbai,3.0,1000,26,False,False,59,1353
353,Green Express #353,Thai,Pune,3.2,600,37,False,False,0,4323
354,Classic Bites #354,Street Food,Delhi NCR,4.4,400,33,False,False,35,2101
355,Desi Bites #355,Street Food,Mumbai,4.7,600,18,False,False,15,1207
356,Green House #356,Biryani,Delhi NCR,3.6,200,41,True,False,15,3860
357,Classic Cafe #357,South Indian,Kolkata,2.9,500,59,False,False,25,207
358,Blue Point #358,Fast Food,Hyderabad,3.6,1000,52,False,False,25,866
359,Blue Den #359,Healthy Food,Hyderabad,4.6,600,39,True,False,0,4407
360,Green Express #360,Desserts,Hyderabad,3.9,200,37,True,True,25,1988
361,Blue Corner #361,Pizza,Bangalore,2.9,600,19,True,False,59,3180
362,Desi Spot #362,Mughlai,Bangalore,4.9,600,37,True,False,25,4510
363,Golden Express #363,Chinese,Mumbai,3.6,500,32,False,False,15,1003
364,Golden Junction #364,Street Food,Delhi NCR,3.5,800,15,False,False,59,855
365,Red Grill #365,Biryani,Bangalore,4.5,300,31,True,False,25,1757
366,Desi Kitchen #366,Pizza,Hyderabad,4.0,400,29,True,False,15,4975
367,Red Cafe #367,South Indian,Mumbai,4.6,800,19,True,False,35,1577
368,Desi Box #368,Street Food,Delhi NCR,3.7,500,33,True,False,15,355
369,Fresh Cafe #369,Italian,Delhi NCR,3.8,1500,20,True,False,15,165
370,Foodie Grill #370,Italian,Bangalore,3.5,200,39,False,False,15,3820
371,Taste Bites #371,North Indian,Chennai,3.9,300,40,False,False,25,151
372,Green Dhaba #372,Thai,Hyderabad,3.8,300,15,False,False,25,113
373,Blue Corner #373,Street Food,Hyderabad,3.4,1200,30,False,False,25,1248
374,Golden Hub #374,Biryani,Delhi NCR,2.8,800,30,True,False,35,4059
375,Blue Express #375,Chinese,Kolkata,4.1,300,32,True,False,35,4213
376,Fresh Spot #376,Biryani,Pune,4.0,400,15,True,False,0,3541
377,Taste Bites #377,Continental,Delhi NCR,3.6,200,38,True,True,0,3885
378,Green House #378,South Indian,Chennai,4.4,600,50,True,True,15,1262
379,Yummy Cafe #379,Rolls,Ahmedabad,3.9,400,50,True,False,25,4732
380,Royal Cafe #380,Italian,Bangalore,4.1,400,44,True,False,49,217
381,Desi Kitchen #381,Rolls,Ahmedabad,3.8,500,15,True,False,15,4832
382,Blue Bites #382,Biryani,Mumbai,2.8,800,28,True,False,59,3700
383,Taste Grill #383,Chinese,Bangalore,4.6,400,40,True,False,15,1772
384,Foodie Den #384,Italian,Delhi NCR,4.0,600,39,True,False,59,727
385,Foodie Kitchen #385,Chinese,Delhi NCR,3.0,400,46,True,True,49,3918
386,Fresh Cafe #386,Chinese,Kolkata,3.5,300,32,True,True,25,1438
387,Royal Grill #387,Biryani,Delhi NCR,4.1,400,22,False,False,15,4286
388,Urban Palace #388,North Indian,Mumbai,4.7,500,40,True,False,25,650
389,Taste Box #389,Thai,Hyderabad,4.0,500,30,True,True,15,1832
390,Red Express #390,Desserts,Lucknow,4.2,400,48,False,False,25,3058
391,Fresh Kitchen #391,Continental,Mumbai,4.8,300,41,True,False,25,3237
392,Blue Grill #392,Street Food,Delhi NCR,4.8,1200,31,True,False,35,1929
393,Green Bites #393,Fast Food,Bangalore,4.0,400,36,False,True,25,1420
394,Golden House #394,South Indian,Kolkata,4.2,600,46,True,False,15,480
395,Fresh Cafe #395,Fast Food,Delhi NCR,3.2,400,40,True,False,49,4109
396,Urban Dhaba #396,Street Food,Delhi NCR,3.8,1200,36,True,False,0,2261
397,Yummy Kitchen #397,Pizza,Bangalore,4.0,1500,37,True,False,49,1411
398,Blue Junction #398,Chinese,Delhi NCR,3.5,800,31,True,False,25,4688
399,Yummy House #399,Fast Food,Delhi NCR,3.0,500,39,True,False,15,4709
400,Green Corner #400,Biryani,Ahmedabad,3.8,500,35,False,False,0,1507
401,Golden Box #401,Biryani,Pune,2.7,400,24,True,True,15,3472
402,Desi Junction #402,North Indian,Lucknow,4.7,300,39,True,True,0,1730
403,Green House #403,Fast Food,Delhi NCR,3.8,200,40,True,True,25,588
404,Taste Cafe #404,Healthy Food,Mumbai,4.4,500,45,True,False,15,2493
405,Desi Kitchen #405,Healthy Food,Mumbai,3.3,1200,19,True,True,25,2120
406,Urban Grill #406,Fast Food,Delhi NCR,3.5,300,37,True,False,15,2610
407,Foodie Express #407,Thai,Ahmedabad,4.2,400,31,False,False,35,752
408,Fresh Grill #408,Healthy Food,Lucknow,4.7,600,40,True,False,35,4280
409,Green Express #409,Street Food,Kolkata,3.9,400,22,True,True,59,3914
410,Royal House #410,Fast Food,Delhi NCR,3.3,200,47,True,False,15,2040
411,Hungry Cafe #411,Biryani,Chennai,4.3,400,24,False,False,49,3117
412,Spice House #412,South Indian,Hyderabad,3.2,800,29,True,True,0,4270
413,Fresh Corner #413,Fast Food,Kolkata,4.6,1200,60,False,False,0,2238
414,Spice Spot #414,Fast Food,Bangalore,4.4,400,35,True,False,35,3274
415,Golden Spot #415,South Indian,Delhi NCR,3.3,1000,45,True,False,25,4408
416,Classic Dhaba #416,Thai,Mumbai,3.7,800,37,True,False,15,1744
417,Desi Box #417,South Indian,Pune,3.5,400,47,True,False,0,4953
418,Classic Point #418,North Indian,Hyderabad,4.0,200,43,True,False,35,2465
419,Blue Spot #419,Fast Food,Hyderabad,4.1,800,27,True,False,25,4119
420,Silver Junction #420,Street Food,Jaipur,2.8,400,17,True,False,15,1464
421,Yummy Point #421,South Indian,Bangalore,4.1,600,22,True,True,59,2136
422,Royal Corner #422,South Indian,Delhi NCR,3.7,500,29,True,False,25,3965
423,Red Cafe #423,Chinese,Delhi NCR,3.1,300,40,True,False,15,10
424,Spice Spot #424,Chinese,Mumbai,4.2,600,45,True,False,25,656
425,Hungry Kitchen #425,South Indian,Mumbai,4.8,600,34,False,False,15,2552
426,Silver Hub #426,Fast Food,Mumbai,3.9,500,36,True,False,15,1878
427,Red Kitchen #427,North Indian,Delhi NCR,4.6,600,15,False,False,59,3196
428,Taste Bites #428,North Indian,Mumbai,4.3,400,32,True,False,15,2633
429,Royal Kitchen #429,Street Food,Delhi NCR,4.3,1500,34,False,False,35,3355
430,Blue Palace #430,Italian,Mumbai,4.1,300,39,True,False,0,717
431,Green Junction #431,Chinese,Ahmedabad,3.7,600,31,True,False,15,3405
432,Spice Spot #432,North Indian,Jaipur,3.4,600,29,True,False,0,612
433,Golden Express #433,Chinese,Hyderabad,5.0,500,53,True,False,25,2841
434,Classic Corner #434,Healthy Food,Pune,3.9,400,21,False,False,25,4503
435,Royal Cafe #435,Chinese,Chennai,3.9,400,48,True,False,15,3671
436,Royal Bites #436,Thai,Kolkata,4.5,500,41,True,False,35,4854
437,Royal Junction #437,Italian,Hyderabad,2.7,500,33,True,False,35,3393
438,Taste Corner #438,Fast Food,Bangalore,4.1,600,57,True,False,35,4119
439,Classic Palace #439,Healthy Food,Kolkata,4.6,400,34,True,False,15,2166
440,Silver Junction #440,Rolls,Bangalore,4.6,300,26,True,False,15,3919
441,Desi Junction #441,Italian,Bangalore,4.1,500,37,True,False,49,2100
442,Green Box #442,North Indian,Hyderabad,3.2,400,43,True,False,25,2882
443,Taste Point #443,Fast Food,Jaipur,4.3,500,40,True,False,15,2415
444,Red House #444,Biryani,Bangalore,3.1,500,29,False,False,25,4580
445,Desi Box #445,Thai,Hyderabad,4.7,600,41,True,False,15,1108
446,Blue Kitchen #446,Italian,Bangalore,4.3,500,17,False,True,15,1960
447,Yummy Den #447,North Indian,Ahmedabad,3.6,400,48,True,False,15,3388
448,Classic Box #448,Biryani,Chennai,4.4,300,43,True,False,35,3834
449,Royal Cafe #449,North Indian,Bangalore,3.7,300,15,True,True,25,2562
450,Golden Point #450,Italian,Hyderabad,3.9,600,27,True,True,15,2892
451,Urban Kitchen #451,Italian,Mumbai,4.2,1000,47,True,False,49,2020
452,Yummy House #452,Chinese,Delhi NCR,3.8,400,32,False,False,25,503
453,Urban Den #453,Thai,Pune,3.7,500,34,False,False,35,1861
454,Hungry Cafe #454,Italian,Hyderabad,3.4,500,49,True,True,15,4953
455,Classic Box #455,Pizza,Delhi NCR,4.4,500,29,False,False,59,2168
456,Urban Bites #456,Fast Food,Delhi NCR,3.8,200,15,True,False,35,4646
457,Spice Point #457,Healthy Food,Pune,4.4,500,48,True,False,25,2304
458,Red Junction #458,Fast Food,Hyderabad,3.5,300,30,False,False,49,4851
459,Blue Box #459,Beverages,Delhi NCR,3.2,500,34,True,False,35,3396
460,Foodie Junction #460,Biryani,Delhi NCR,4.5,600,33,True,False,25,1428
461,Blue Kitchen #461,South Indian,Bangalore,3.2,200,30,False,False,59,3836
462,Yummy Express #462,North Indian,Pune,3.5,400,26,False,False,15,3932
463,Red Cafe #463,Mughlai,Lucknow,4.2,600,33,True,False,15,2899
464,Classic Grill #464,Street Food,Delhi NCR,4.9,500,25,True,True,49,4799
465,Green Express #465,North Indian,Pune,4.0,300,48,False,False,35,250
466,Urban Corner #466,Desserts,Hyderabad,3.2,600,47,False,False,15,4801
467,Yummy Spot #467,South Indian,Hyderabad,3.3,800,40,False,False,15,2912
468,Desi Hub #468,Healthy Food,Jaipur,3.8,400,40,False,False,15,2410
469,Taste House #469,Biryani,Delhi NCR,4.2,400,18,False,False,15,103
470,Spice Box #470,North Indian,Mumbai,3.2,500,46,True,False,0,3408
471,Desi Corner #471,North Indian,Kolkata,3.3,400,30,False,False,0,1753
472,Foodie Grill #472,Fast Food,Mumbai,3.8,800,48,True,False,35,4020
473,Green Cafe #473,Continental,Kolkata,4.2,600,51,False,False,0,4158
474,Desi House #474,Biryani,Hyderabad,3.0,400,32,True,False,25,4475
475,Spice Corner #475,Desserts,Mumbai,2.4,500,15,False,False,25,3978
476,Taste Den #476,Fast Food,Delhi NCR,3.7,1000,37,False,False,59,2667
477,Royal Den #477,Italian,Mumbai,5.0,300,23,True,False,25,1478
478,Yummy Grill #478,Healthy Food,Chennai,3.5,600,29,False,False,15,2687
479,Red House #479,Fast Food,Mumbai,4.5,400,32,False,False,0,3371
480,Green Spot #480,North Indian,Chennai,3.2,300,44,True,False,35,2415
481,Classic Palace #481,Chinese,Mumbai,3.9,300,39,False,True,0,2118
482,Silver Dhaba #482,Biryani,Pune,4.5,400,50,True,False,59,1285
483,Taste Box #483,Italian,Ahmedabad,3.7,500,27,True,False,25,4865
484,Foodie Cafe #484,Chinese,Hyderabad,3.1,1000,46,False,False,25,4881
485,Green Box #485,Street Food,Jaipur,3.8,400,42,False,False,35,4671
486,Royal Kitchen #486,Biryani,Bangalore,4.3,300,41,True,False,15,1079
487,Foodie Hub #487,Chinese,Delhi NCR,5.0,500,46,False,False,25,1151
488,Hungry Grill #488,Chinese,Mumbai,3.0,300,43,True,False,0,1576
489,Foodie Grill #489,Desserts,Bangalore,4.0,400,18,True,True,49,2536
490,Red Dhaba #490,Mughlai,Mumbai,3.3,1500,29,True,False,25,925
491,Red Spot #491,Chinese,Kolkata,3.9,500,44,True,False,35,4383
492,Fresh Kitchen #492,Chinese,Pune,3.3,800,39,False,False,49,4546
493,Spice Spot #493,Chinese,Hyderabad,3.4,300,45,False,True,35,3866
494,Red Hub #494,North Indian,Chennai,4.8,500,37,False,False,25,2914
495,Desi Grill #495,Italian,Mumbai,3.8,500,29,True,True,35,1825
496,Hungry Dhaba #496,Fast Food,Delhi NCR,3.0,800,26,True,True,25,2939
497,Taste Corner #497,Fast Food,Hyderabad,3.7,200,18,True,False,25,1811
498,Golden Corner #498,Street Food,Bangalore,4.2,800,40,False,False,25,2861
499,Hungry Corner #499,North Indian,Hyderabad,3.9,200,20,True,False,0,3827
500,Blue Bites #500,Biryani,Mumbai,4.1,1000,35,True,True,35,3803
